{"cameraMode":{"drawMode":0,"name":"Shaded","section":"Shading Mode"},"sceneLighting":true,"audioPlay":false,"sceneViewState":{"showFog":true,"showMaterialUpdate":false,"showSkybox":true,"showFlares":true,"showImageEffects":true,"showParticleSystems":true},"in2DMode":false,"pivot":{"x":-0.3544614017009735,"y":-9.064208984375,"z":0.1891326904296875},"rotation":{"x":-0.6509957909584045,"y":-0.0034158185590058567,"z":0.002929347800090909,"w":-0.7590680122375488},"size":33.049861907958987,"orthographic":false}