{"cameraMode":{"drawMode":0,"name":"Shaded","section":"Shading Mode"},"sceneLighting":false,"audioPlay":false,"sceneViewState":{"showFog":true,"showMaterialUpdate":false,"showSkybox":true,"showFlares":true,"showImageEffects":true,"showParticleSystems":true},"in2DMode":false,"pivot":{"x":-18.079999923706056,"y":-1.809999942779541,"z":39.619998931884769},"rotation":{"x":0.30544382333755495,"y":-0.02399647794663906,"z":0.007699481677263975,"w":0.9518765807151794},"size":18.44756317138672,"orthographic":false}