{"cameraMode":{"drawMode":0,"name":"Shaded","section":"Shading Mode"},"sceneLighting":true,"audioPlay":false,"sceneViewState":{"showFog":true,"showMaterialUpdate":false,"showSkybox":true,"showFlares":true,"showImageEffects":true,"showParticleSystems":true},"in2DMode":false,"pivot":{"x":-0.49237060546875,"y":0.22245311737060548,"z":0.3483772277832031},"rotation":{"x":-0.08796539157629013,"y":0.8959883451461792,"z":-0.20536178350448609,"w":-0.3837907612323761},"size":19.938762664794923,"orthographic":false}